Titre,Entreprise,Ville,Contrat,Date,Ville_propre,Departement,Contrat_propre,Domaine_metier,texte_complet
Assistant Administratif H/F AURA,AURA,Colomiers - 31,CDI,il y a 18 heures,Colomiers,31,CDI,Administration,Assistant Administratif H/F AURA AURA Colomiers CDI Administration
Non spécifié,TGS France,Saint-Lô - 50,CDI,il y a 20 heures,Saint-Lô,50,CDI,Autre,Non spécifié TGS France Saint-Lô CDI Autre
Responsable Logistique H/F Picnic Technologies,Picnic Technologies,Moissy-Cramayel - 77,CDI,il y a 20 heures,Moissy-Cramayel,77,CDI,Logistique,Responsable Logistique H/F Picnic Technologies Picnic Technologies Moissy-Cramayel CDI Logistique
Cuisinier H/F Vitalrest,Vitalrest,Castelnau-le-Lez - 34,CDI,il y a 20 heures,Castelnau-le-Lez,34,CDI,Restauration,Cuisinier H/F Vitalrest Vitalrest Castelnau-le-Lez CDI Restauration
Conducteur d'Engins en Scierie H/F Groupe Barillet,Groupe Barillet,Vitry-aux-Loges - 45,CDI,il y a 20 heures,Vitry-aux-Loges,45,CDI,BTP,Conducteur d'Engins en Scierie H/F Groupe Barillet Groupe Barillet Vitry-aux-Loges CDI BTP
Chargé d'Etudes Géotechniques H/F Ramery,Ramery,Harnes - 62,CDI,il y a 20 heures,Harnes,62,CDI,BTP,Chargé d'Etudes Géotechniques H/F Ramery Ramery Harnes CDI BTP
Gestionnaire de Parc - Feyzin H/F Kiloutou,Kiloutou,Feyzin - 69,CDI,il y a 20 heures,Feyzin,69,CDI,Administration,Gestionnaire de Parc - Feyzin H/F Kiloutou Kiloutou Feyzin CDI Administration
Consultant Expérience Client & Solutions Saas H/F Ingram Micro,Ingram Micro,Lesquin - 59,CDI,il y a 20 heures,Lesquin,59,CDI,Autre,Consultant Expérience Client & Solutions Saas H/F Ingram Micro Ingram Micro Lesquin CDI Autre
Chargé d'Études de Prix - Electricité H/F Groupe Fauché,Groupe Fauché,Périgueux - 24,CDI,il y a 20 heures,Périgueux,24,CDI,Énergie / Technique,Chargé d'Études de Prix - Electricité H/F Groupe Fauché Groupe Fauché Périgueux CDI Énergie / Technique
Conducteur PL de Nuit avec CACES 1-3-5 H/F GT Solutions,GT Solutions,Pantin - 93,CDI,il y a 20 heures,Pantin,93,CDI,Logistique,Conducteur PL de Nuit avec CACES 1-3-5 H/F GT Solutions GT Solutions Pantin CDI Logistique
Assistant Ménager et de Prospection H/F Maison et Services,Maison et Services,Châlons-en-Champagne - 51,CDI,il y a 20 heures,Châlons-en-Champagne,51,CDI,Administration,Assistant Ménager et de Prospection H/F Maison et Services Maison et Services Châlons-en-Champagne CDI Administration
Responsable Agence H/F Socotec,Socotec,Aix-en-Provence - 13,CDI,il y a 20 heures,Aix-en-Provence,13,CDI,Management,Responsable Agence H/F Socotec Socotec Aix-en-Provence CDI Management
Manager Equipe Commerciale H/F Maison Thiriet,Maison Thiriet,Appoigny - 89,CDI,il y a 20 heures,Appoigny,89,CDI,Commerce,Manager Equipe Commerciale H/F Maison Thiriet Maison Thiriet Appoigny CDI Commerce
Animateur QHSE H/F Terrena,Terrena,Noyant-Villages - 49,CDI,il y a 20 heures,Noyant-Villages,49,CDI,Qualité / QHSE,Animateur QHSE H/F Terrena Terrena Noyant-Villages CDI Qualité / QHSE
Directeur de Magasin Super Idf H/F Auchan Retail France,Auchan Retail France,Sartrouville - 78,CDI,il y a 20 heures,Sartrouville,78,CDI,Commerce,Directeur de Magasin Super Idf H/F Auchan Retail France Auchan Retail France Sartrouville CDI Commerce
Analyste Fonctionnel Si Comptable H/F Cogep,Cogep,Bourges - 18,CDI,il y a 20 heures,Bourges,18,CDI,Finance / Assurance,Analyste Fonctionnel Si Comptable H/F Cogep Cogep Bourges CDI Finance / Assurance
Conseiller de Vente Alimentaire Stand Charcuterie - Fromage H/F Auchan Retail France,Auchan Retail France,Avignon - 84,CDI,il y a 20 heures,Avignon,84,CDI,Commerce,Conseiller de Vente Alimentaire Stand Charcuterie - Fromage H/F Auchan Retail France Auchan Retail France Avignon CDI Commerce
Responsable des Projets de Transformation One Safran Apqp & Aero Excellence H/F Safran,Safran,Malakoff - 92,CDI,il y a 20 heures,Malakoff,92,CDI,Management,Responsable des Projets de Transformation One Safran Apqp & Aero Excellence H/F Safran Safran Malakoff CDI Management
Actuaire Risques H/F Thélem assurances,Thélem assurances,Chécy - 45,CDI,il y a 20 heures,Chécy,45,CDI,Finance / Assurance,Actuaire Risques H/F Thélem assurances Thélem assurances Chécy CDI Finance / Assurance
Electricien·ne Tertiaire H/F Groupe Fauché,Groupe Fauché,Agen - 47,CDI,il y a 20 heures,Agen,47,CDI,Énergie / Technique,Electricien·ne Tertiaire H/F Groupe Fauché Groupe Fauché Agen CDI Énergie / Technique
Chef.Fe d'Équipe Électricité Tertiaire H/F Groupe Fauché,Groupe Fauché,Marmande - 47,CDI,il y a 20 heures,Marmande,47,CDI,Énergie / Technique,Chef.Fe d'Équipe Électricité Tertiaire H/F Groupe Fauché Groupe Fauché Marmande CDI Énergie / Technique
Référent des Prestataires de Service H/F Mondial Relay by InPost,Mondial Relay by InPost,Villeneuve-d'Ascq - 59,CDI,il y a 20 heures,Villeneuve-d'Ascq,59,CDI,Autre,Référent des Prestataires de Service H/F Mondial Relay by InPost Mondial Relay by InPost Villeneuve-d'Ascq CDI Autre
Responsable d'Atelier - le Havre H/F Loxam,Loxam,Le Havre - 76,CDI,il y a 20 heures,Le Havre,76,CDI,Management,Responsable d'Atelier - le Havre H/F Loxam Loxam Le Havre CDI Management
Tuyauteur H/F Actemium - Cegelec Pau,Actemium - Cegelec Pau,Pardies - 64,CDI,il y a 20 heures,Pardies,64,CDI,Autre,Tuyauteur H/F Actemium - Cegelec Pau Actemium - Cegelec Pau Pardies CDI Autre
Technicien de Chantiers Déshydratation H/F Veolia Agriculture France,Veolia Agriculture France,Nancy - 54,CDI,il y a 20 heures,Nancy,54,CDI,BTP,Technicien de Chantiers Déshydratation H/F Veolia Agriculture France Veolia Agriculture France Nancy CDI BTP
Ingénieur Génie Civil et Construction H/F Acxes,Acxes,Lyon - 69,CDI,il y a 20 heures,Lyon,69,CDI,Autre,Ingénieur Génie Civil et Construction H/F Acxes Acxes Lyon CDI Autre
Assistant Ménager et de Prospection H/F Maison et Services,Maison et Services,Châlons-en-Champagne - 51,CDI,il y a 20 heures,Châlons-en-Champagne,51,CDI,Administration,Assistant Ménager et de Prospection H/F Maison et Services Maison et Services Châlons-en-Champagne CDI Administration
Responsable Agence H/F Socotec,Socotec,Aix-en-Provence - 13,CDI,il y a 20 heures,Aix-en-Provence,13,CDI,Management,Responsable Agence H/F Socotec Socotec Aix-en-Provence CDI Management
Chef de Chantier Électricité Industrielle H/F Vinci Energies France Industrie Méditerranée,Vinci Energies France Industrie Méditerranée,Baillargues - 34,CDI,il y a 20 heures,Baillargues,34,CDI,BTP,Chef de Chantier Électricité Industrielle H/F Vinci Energies France Industrie Méditerranée Vinci Energies France Industrie Méditerranée Baillargues CDI BTP
Dessinateur Charpente et Structure Bois H/F VCSP Batiment Nord Est et ANSC,VCSP Batiment Nord Est et ANSC,Saône-et-Loire - 71,CDI,il y a 20 heures,Saône-et-Loire,71,CDI,BTP,Dessinateur Charpente et Structure Bois H/F VCSP Batiment Nord Est et ANSC VCSP Batiment Nord Est et ANSC Saône-et-Loire CDI BTP
Opérateur Spécialisé en Transformation de Viandes H/F Sodebo,Sodebo,Montaigu-Vendée - 85,CDI,il y a 20 heures,Montaigu-Vendée,85,CDI,Autre,Opérateur Spécialisé en Transformation de Viandes H/F Sodebo Sodebo Montaigu-Vendée CDI Autre
Manoeuvre TP H/F VINCI Energies Infrastructures Auvergne,VINCI Energies Infrastructures Auvergne,Clermont-Ferrand - 63,CDI,il y a 20 heures,Clermont-Ferrand,63,CDI,Énergie / Technique,Manoeuvre TP H/F VINCI Energies Infrastructures Auvergne VINCI Energies Infrastructures Auvergne Clermont-Ferrand CDI Énergie / Technique
Chargé de Clientèle Bancaire Confirmé H/F Crédit Mutuel de Bretagne,Crédit Mutuel de Bretagne,Finistère - 29,CDI,il y a 20 heures,Finistère,29,CDI,Informatique,Chargé de Clientèle Bancaire Confirmé H/F Crédit Mutuel de Bretagne Crédit Mutuel de Bretagne Finistère CDI Informatique
Chef.Fe d'Équipe Électricité Tertiaire H/F Groupe Fauché,Groupe Fauché,Agen - 47,CDI,il y a 20 heures,Agen,47,CDI,Énergie / Technique,Chef.Fe d'Équipe Électricité Tertiaire H/F Groupe Fauché Groupe Fauché Agen CDI Énergie / Technique
Électricien Industriel et Tertiare Confirmé H/F SPIE Facilities,SPIE Facilities,Saint-Apollinaire - 21,CDI,il y a 20 heures,Saint-Apollinaire,21,CDI,Énergie / Technique,Électricien Industriel et Tertiare Confirmé H/F SPIE Facilities SPIE Facilities Saint-Apollinaire CDI Énergie / Technique
Chef.Fe de Chantier Électricité Tertiaire H/F Groupe Fauché,Groupe Fauché,Agen - 47,CDI,il y a 20 heures,Agen,47,CDI,BTP,Chef.Fe de Chantier Électricité Tertiaire H/F Groupe Fauché Groupe Fauché Agen CDI BTP
Ingénieur - Technicien Atex H/F Bureau Veritas,Bureau Veritas,Fontenay-aux-Roses - 92,CDI,il y a 20 heures,Fontenay-aux-Roses,92,CDI,Énergie / Technique,Ingénieur - Technicien Atex H/F Bureau Veritas Bureau Veritas Fontenay-aux-Roses CDI Énergie / Technique
Spécialiste SEO - SEA H/F OASIS Projet,OASIS Projet,Saint-Étienne-du-Rouvray - 76,CDI,il y a 20 heures,Saint-Étienne-du-Rouvray,76,CDI,Autre,Spécialiste SEO - SEA H/F OASIS Projet OASIS Projet Saint-Étienne-du-Rouvray CDI Autre
Projeteur en Électricité H/F Groupe Fauché,Groupe Fauché,Vitrolles - 13,CDI,il y a 20 heures,Vitrolles,13,CDI,Énergie / Technique,Projeteur en Électricité H/F Groupe Fauché Groupe Fauché Vitrolles CDI Énergie / Technique
Chef de Projet Amélioration Continue H/F Groupe ONET,Groupe ONET,Madrid - Espagne,CDI,il y a 20 heures,Madrid - Espagne,0,CDI,Management,Chef de Projet Amélioration Continue H/F Groupe ONET Groupe ONET Madrid - Espagne CDI Management
Analyste Programmeur COBOL - Nantes H/F Mosica,Mosica,Nantes - 44,CDI,il y a 20 heures,Nantes,44,CDI,Autre,Analyste Programmeur COBOL - Nantes H/F Mosica Mosica Nantes CDI Autre
Chef de Département Dérivés Chlorés et Coproduits H/F Kem One,Kem One,Rhône - 69,CDI,il y a 20 heures,Rhône,69,CDI,Informatique,Chef de Département Dérivés Chlorés et Coproduits H/F Kem One Kem One Rhône CDI Informatique
Opérateur Spécialisé - Cuisinier H/F Sodebo,Sodebo,Montaigu-Vendée - 85,CDI,il y a 20 heures,Montaigu-Vendée,85,CDI,Restauration,Opérateur Spécialisé - Cuisinier H/F Sodebo Sodebo Montaigu-Vendée CDI Restauration
Technicien de Maintenance - Mécanicien H/F Veolia Environnement,Veolia Environnement,Dombasle-sur-Meurthe - 54,CDI,il y a 20 heures,Dombasle-sur-Meurthe,54,CDI,Énergie / Technique,Technicien de Maintenance - Mécanicien H/F Veolia Environnement Veolia Environnement Dombasle-sur-Meurthe CDI Énergie / Technique
Consultant Confirmé Système - Lyon H/F CNS Communications,CNS Communications,Lyon 2e - 69,CDI,il y a 20 heures,Lyon 2e,69,CDI,Autre,Consultant Confirmé Système - Lyon H/F CNS Communications CNS Communications Lyon 2e CDI Autre
Ingénieur Automatisation & Netdevops - Lyon H/F CNS Communications,CNS Communications,Lyon 2e - 69,CDI,il y a 20 heures,Lyon 2e,69,CDI,Autre,Ingénieur Automatisation & Netdevops - Lyon H/F CNS Communications CNS Communications Lyon 2e CDI Autre
Opérateur Spécialisé en Transformation de Viandes H/F Sodebo,Sodebo,Montaigu-Vendée - 85,CDI,il y a 20 heures,Montaigu-Vendée,85,CDI,Autre,Opérateur Spécialisé en Transformation de Viandes H/F Sodebo Sodebo Montaigu-Vendée CDI Autre
Manoeuvre TP H/F VINCI Energies Infrastructures Auvergne,VINCI Energies Infrastructures Auvergne,Clermont-Ferrand - 63,CDI,il y a 20 heures,Clermont-Ferrand,63,CDI,Énergie / Technique,Manoeuvre TP H/F VINCI Energies Infrastructures Auvergne VINCI Energies Infrastructures Auvergne Clermont-Ferrand CDI Énergie / Technique
Chargé de Clientèle Bancaire Confirmé H/F Crédit Mutuel de Bretagne,Crédit Mutuel de Bretagne,Finistère - 29,CDI,il y a 20 heures,Finistère,29,CDI,Informatique,Chargé de Clientèle Bancaire Confirmé H/F Crédit Mutuel de Bretagne Crédit Mutuel de Bretagne Finistère CDI Informatique
Chef.Fe d'Équipe Électricité Tertiaire H/F Groupe Fauché,Groupe Fauché,Agen - 47,CDI,il y a 20 heures,Agen,47,CDI,Énergie / Technique,Chef.Fe d'Équipe Électricité Tertiaire H/F Groupe Fauché Groupe Fauché Agen CDI Énergie / Technique
Électricien Industriel et Tertiare Confirmé H/F SPIE Facilities,SPIE Facilities,Saint-Apollinaire - 21,CDI,il y a 20 heures,Saint-Apollinaire,21,CDI,Énergie / Technique,Électricien Industriel et Tertiare Confirmé H/F SPIE Facilities SPIE Facilities Saint-Apollinaire CDI Énergie / Technique
Chef.Fe de Chantier Électricité Tertiaire H/F Groupe Fauché,Groupe Fauché,Agen - 47,CDI,il y a 20 heures,Agen,47,CDI,BTP,Chef.Fe de Chantier Électricité Tertiaire H/F Groupe Fauché Groupe Fauché Agen CDI BTP
Ingénieur - Technicien Atex H/F Bureau Veritas,Bureau Veritas,Fontenay-aux-Roses - 92,CDI,il y a 20 heures,Fontenay-aux-Roses,92,CDI,Énergie / Technique,Ingénieur - Technicien Atex H/F Bureau Veritas Bureau Veritas Fontenay-aux-Roses CDI Énergie / Technique
Spécialiste SEO - SEA H/F OASIS Projet,OASIS Projet,Saint-Étienne-du-Rouvray - 76,CDI,il y a 20 heures,Saint-Étienne-du-Rouvray,76,CDI,Autre,Spécialiste SEO - SEA H/F OASIS Projet OASIS Projet Saint-Étienne-du-Rouvray CDI Autre
Projeteur en Électricité H/F Groupe Fauché,Groupe Fauché,Vitrolles - 13,CDI,il y a 20 heures,Vitrolles,13,CDI,Énergie / Technique,Projeteur en Électricité H/F Groupe Fauché Groupe Fauché Vitrolles CDI Énergie / Technique
Chef de Projet Amélioration Continue H/F Groupe ONET,Groupe ONET,Madrid - Espagne,CDI,il y a 20 heures,Madrid - Espagne,0,CDI,Management,Chef de Projet Amélioration Continue H/F Groupe ONET Groupe ONET Madrid - Espagne CDI Management
Analyste Programmeur COBOL - Nantes H/F Mosica,Mosica,Nantes - 44,CDI,il y a 20 heures,Nantes,44,CDI,Autre,Analyste Programmeur COBOL - Nantes H/F Mosica Mosica Nantes CDI Autre
Expert Trade & Cycle d'Exploitation H/F Arkea Banque Entreprises et Institutionnels,Arkea Banque Entreprises et Institutionnels,Rennes - 35,CDI,il y a 20 heures,Rennes,35,CDI,Informatique,Expert Trade & Cycle d'Exploitation H/F Arkea Banque Entreprises et Institutionnels Arkea Banque Entreprises et Institutionnels Rennes CDI Informatique
Directeur Technique H/F Fives Groupe,Fives Groupe,Héricourt - 70,CDI,il y a 20 heures,Héricourt,70,CDI,Informatique,Directeur Technique H/F Fives Groupe Fives Groupe Héricourt CDI Informatique
Ecologue Faunes H/F ECR Environnement,ECR Environnement,Villebon-sur-Yvette - 91,CDI,il y a 20 heures,Villebon-sur-Yvette,91,CDI,Autre,Ecologue Faunes H/F ECR Environnement ECR Environnement Villebon-sur-Yvette CDI Autre
SAP S - 4 Hana Technical Consultant Basis Cpi - EDI Interfaces H/F Hozelock Exel,Hozelock Exel,Arnas - 69,CDI,il y a 20 heures,Arnas,69,CDI,Informatique,SAP S - 4 Hana Technical Consultant Basis Cpi - EDI Interfaces H/F Hozelock Exel Hozelock Exel Arnas CDI Informatique
Directeur de Marché - Région - Nord E1 H/F Kone,Kone,Reims - 51,CDI,il y a 20 heures,Reims,51,CDI,Management,Directeur de Marché - Région - Nord E1 H/F Kone Kone Reims CDI Management
Ingénieur Génie Civil H/F Orano,Orano,La Hague - 50,CDI,il y a 20 heures,La Hague,50,CDI,Autre,Ingénieur Génie Civil H/F Orano Orano La Hague CDI Autre
Service Team Leader Doors H/F Kone,Kone,Belgique,CDI,il y a 20 heures,Belgique,0,CDI,Autre,Service Team Leader Doors H/F Kone Kone Belgique CDI Autre
Technicien SSI H/F Eryma Sas,Eryma Sas,Couëron - 44,CDI,il y a 20 heures,Couëron,44,CDI,Énergie / Technique,Technicien SSI H/F Eryma Sas Eryma Sas Couëron CDI Énergie / Technique
Educateur Spécialisé H/F Fondation de la maison du Diaconat,Fondation de la maison du Diaconat,Mulhouse - 68,CDI,il y a 20 heures,Mulhouse,68,CDI,Autre,Educateur Spécialisé H/F Fondation de la maison du Diaconat Fondation de la maison du Diaconat Mulhouse CDI Autre
Actuaire Risques H/F Thélem assurances,Thélem assurances,Chécy - 45,CDI,il y a 20 heures,Chécy,45,CDI,Finance / Assurance,Actuaire Risques H/F Thélem assurances Thélem assurances Chécy CDI Finance / Assurance
Electricien·ne Tertiaire H/F Groupe Fauché,Groupe Fauché,Agen - 47,CDI,il y a 20 heures,Agen,47,CDI,Énergie / Technique,Electricien·ne Tertiaire H/F Groupe Fauché Groupe Fauché Agen CDI Énergie / Technique
Chef.Fe d'Équipe Électricité Tertiaire H/F Groupe Fauché,Groupe Fauché,Marmande - 47,CDI,il y a 20 heures,Marmande,47,CDI,Énergie / Technique,Chef.Fe d'Équipe Électricité Tertiaire H/F Groupe Fauché Groupe Fauché Marmande CDI Énergie / Technique
Référent des Prestataires de Service H/F Mondial Relay by InPost,Mondial Relay by InPost,Villeneuve-d'Ascq - 59,CDI,il y a 20 heures,Villeneuve-d'Ascq,59,CDI,Autre,Référent des Prestataires de Service H/F Mondial Relay by InPost Mondial Relay by InPost Villeneuve-d'Ascq CDI Autre
Responsable d'Atelier - le Havre H/F Loxam,Loxam,Le Havre - 76,CDI,il y a 20 heures,Le Havre,76,CDI,Management,Responsable d'Atelier - le Havre H/F Loxam Loxam Le Havre CDI Management
Tuyauteur H/F Actemium - Cegelec Pau,Actemium - Cegelec Pau,Pardies - 64,CDI,il y a 20 heures,Pardies,64,CDI,Autre,Tuyauteur H/F Actemium - Cegelec Pau Actemium - Cegelec Pau Pardies CDI Autre
Manager Equipe Commerciale H/F Maison Thiriet,Maison Thiriet,Appoigny - 89,CDI,il y a 20 heures,Appoigny,89,CDI,Commerce,Manager Equipe Commerciale H/F Maison Thiriet Maison Thiriet Appoigny CDI Commerce
Animateur QHSE H/F Terrena,Terrena,Noyant-Villages - 49,CDI,il y a 20 heures,Noyant-Villages,49,CDI,Qualité / QHSE,Animateur QHSE H/F Terrena Terrena Noyant-Villages CDI Qualité / QHSE
Directeur de Magasin Super Idf H/F Auchan Retail France,Auchan Retail France,Sartrouville - 78,CDI,il y a 20 heures,Sartrouville,78,CDI,Commerce,Directeur de Magasin Super Idf H/F Auchan Retail France Auchan Retail France Sartrouville CDI Commerce
Analyste Fonctionnel Si Comptable H/F Cogep,Cogep,Bourges - 18,CDI,il y a 20 heures,Bourges,18,CDI,Finance / Assurance,Analyste Fonctionnel Si Comptable H/F Cogep Cogep Bourges CDI Finance / Assurance
Conseiller de Vente Alimentaire Stand Charcuterie - Fromage H/F Auchan Retail France,Auchan Retail France,Avignon - 84,CDI,il y a 20 heures,Avignon,84,CDI,Commerce,Conseiller de Vente Alimentaire Stand Charcuterie - Fromage H/F Auchan Retail France Auchan Retail France Avignon CDI Commerce
Responsable des Projets de Transformation One Safran Apqp & Aero Excellence H/F Safran,Safran,Malakoff - 92,CDI,il y a 20 heures,Malakoff,92,CDI,Management,Responsable des Projets de Transformation One Safran Apqp & Aero Excellence H/F Safran Safran Malakoff CDI Management
Actuaire Risques H/F Thélem assurances,Thélem assurances,Chécy - 45,CDI,il y a 20 heures,Chécy,45,CDI,Finance / Assurance,Actuaire Risques H/F Thélem assurances Thélem assurances Chécy CDI Finance / Assurance
Electricien·ne Tertiaire H/F Groupe Fauché,Groupe Fauché,Agen - 47,CDI,il y a 20 heures,Agen,47,CDI,Énergie / Technique,Electricien·ne Tertiaire H/F Groupe Fauché Groupe Fauché Agen CDI Énergie / Technique
Chef.Fe d'Équipe Électricité Tertiaire H/F Groupe Fauché,Groupe Fauché,Marmande - 47,CDI,il y a 20 heures,Marmande,47,CDI,Énergie / Technique,Chef.Fe d'Équipe Électricité Tertiaire H/F Groupe Fauché Groupe Fauché Marmande CDI Énergie / Technique
Référent des Prestataires de Service H/F Mondial Relay by InPost,Mondial Relay by InPost,Villeneuve-d'Ascq - 59,CDI,il y a 20 heures,Villeneuve-d'Ascq,59,CDI,Autre,Référent des Prestataires de Service H/F Mondial Relay by InPost Mondial Relay by InPost Villeneuve-d'Ascq CDI Autre
Responsable d'Atelier - le Havre H/F Loxam,Loxam,Le Havre - 76,CDI,il y a 20 heures,Le Havre,76,CDI,Management,Responsable d'Atelier - le Havre H/F Loxam Loxam Le Havre CDI Management
Tuyauteur H/F Actemium - Cegelec Pau,Actemium - Cegelec Pau,Pardies - 64,CDI,il y a 20 heures,Pardies,64,CDI,Autre,Tuyauteur H/F Actemium - Cegelec Pau Actemium - Cegelec Pau Pardies CDI Autre
Technicien de Chantiers Déshydratation H/F Veolia Agriculture France,Veolia Agriculture France,Nancy - 54,CDI,il y a 20 heures,Nancy,54,CDI,BTP,Technicien de Chantiers Déshydratation H/F Veolia Agriculture France Veolia Agriculture France Nancy CDI BTP
Ingénieur Génie Civil et Construction H/F Acxes,Acxes,Lyon - 69,CDI,il y a 20 heures,Lyon,69,CDI,Autre,Ingénieur Génie Civil et Construction H/F Acxes Acxes Lyon CDI Autre
Assistant Ménager et de Prospection H/F Maison et Services,Maison et Services,Châlons-en-Champagne - 51,CDI,il y a 20 heures,Châlons-en-Champagne,51,CDI,Administration,Assistant Ménager et de Prospection H/F Maison et Services Maison et Services Châlons-en-Champagne CDI Administration
Responsable Agence H/F Socotec,Socotec,Aix-en-Provence - 13,CDI,il y a 20 heures,Aix-en-Provence,13,CDI,Management,Responsable Agence H/F Socotec Socotec Aix-en-Provence CDI Management
Chef de Chantier Électricité Industrielle H/F Vinci Energies France Industrie Méditerranée,Vinci Energies France Industrie Méditerranée,Baillargues - 34,CDI,il y a 20 heures,Baillargues,34,CDI,BTP,Chef de Chantier Électricité Industrielle H/F Vinci Energies France Industrie Méditerranée Vinci Energies France Industrie Méditerranée Baillargues CDI BTP
Dessinateur Charpente et Structure Bois H/F VCSP Batiment Nord Est et ANSC,VCSP Batiment Nord Est et ANSC,Saône-et-Loire - 71,CDI,il y a 20 heures,Saône-et-Loire,71,CDI,BTP,Dessinateur Charpente et Structure Bois H/F VCSP Batiment Nord Est et ANSC VCSP Batiment Nord Est et ANSC Saône-et-Loire CDI BTP
Opérateur Spécialisé en Transformation de Viandes H/F Sodebo,Sodebo,Montaigu-Vendée - 85,CDI,il y a 20 heures,Montaigu-Vendée,85,CDI,Autre,Opérateur Spécialisé en Transformation de Viandes H/F Sodebo Sodebo Montaigu-Vendée CDI Autre
Manoeuvre TP H/F VINCI Energies Infrastructures Auvergne,VINCI Energies Infrastructures Auvergne,Clermont-Ferrand - 63,CDI,il y a 20 heures,Clermont-Ferrand,63,CDI,Énergie / Technique,Manoeuvre TP H/F VINCI Energies Infrastructures Auvergne VINCI Energies Infrastructures Auvergne Clermont-Ferrand CDI Énergie / Technique
Chargé de Clientèle Bancaire Confirmé H/F Crédit Mutuel de Bretagne,Crédit Mutuel de Bretagne,Finistère - 29,CDI,il y a 20 heures,Finistère,29,CDI,Informatique,Chargé de Clientèle Bancaire Confirmé H/F Crédit Mutuel de Bretagne Crédit Mutuel de Bretagne Finistère CDI Informatique
Chef.Fe d'Équipe Électricité Tertiaire H/F Groupe Fauché,Groupe Fauché,Agen - 47,CDI,il y a 20 heures,Agen,47,CDI,Énergie / Technique,Chef.Fe d'Équipe Électricité Tertiaire H/F Groupe Fauché Groupe Fauché Agen CDI Énergie / Technique
Électricien Industriel et Tertiare Confirmé H/F SPIE Facilities,SPIE Facilities,Saint-Apollinaire - 21,CDI,il y a 20 heures,Saint-Apollinaire,21,CDI,Énergie / Technique,Électricien Industriel et Tertiare Confirmé H/F SPIE Facilities SPIE Facilities Saint-Apollinaire CDI Énergie / Technique
Chef.Fe de Chantier Électricité Tertiaire H/F Groupe Fauché,Groupe Fauché,Agen - 47,CDI,il y a 20 heures,Agen,47,CDI,BTP,Chef.Fe de Chantier Électricité Tertiaire H/F Groupe Fauché Groupe Fauché Agen CDI BTP
Ingénieur - Technicien Atex H/F Bureau Veritas,Bureau Veritas,Fontenay-aux-Roses - 92,CDI,il y a 20 heures,Fontenay-aux-Roses,92,CDI,Énergie / Technique,Ingénieur - Technicien Atex H/F Bureau Veritas Bureau Veritas Fontenay-aux-Roses CDI Énergie / Technique
Spécialiste SEO - SEA H/F OASIS Projet,OASIS Projet,Saint-Étienne-du-Rouvray - 76,CDI,il y a 20 heures,Saint-Étienne-du-Rouvray,76,CDI,Autre,Spécialiste SEO - SEA H/F OASIS Projet OASIS Projet Saint-Étienne-du-Rouvray CDI Autre
Projeteur en Électricité H/F Groupe Fauché,Groupe Fauché,Vitrolles - 13,CDI,il y a 20 heures,Vitrolles,13,CDI,Énergie / Technique,Projeteur en Électricité H/F Groupe Fauché Groupe Fauché Vitrolles CDI Énergie / Technique
Chef de Projet Amélioration Continue H/F Groupe ONET,Groupe ONET,Madrid - Espagne,CDI,il y a 20 heures,Madrid - Espagne,0,CDI,Management,Chef de Projet Amélioration Continue H/F Groupe ONET Groupe ONET Madrid - Espagne CDI Management
Analyste Programmeur COBOL - Nantes H/F Mosica,Mosica,Nantes - 44,CDI,il y a 20 heures,Nantes,44,CDI,Autre,Analyste Programmeur COBOL - Nantes H/F Mosica Mosica Nantes CDI Autre
Chef de Département Dérivés Chlorés et Coproduits H/F Kem One,Kem One,Rhône - 69,CDI,il y a 20 heures,Rhône,69,CDI,Informatique,Chef de Département Dérivés Chlorés et Coproduits H/F Kem One Kem One Rhône CDI Informatique
Manager Equipe Commerciale H/F Maison Thiriet,Maison Thiriet,Appoigny - 89,CDI,il y a 20 heures,Appoigny,89,CDI,Commerce,Manager Equipe Commerciale H/F Maison Thiriet Maison Thiriet Appoigny CDI Commerce
Animateur QHSE H/F Terrena,Terrena,Noyant-Villages - 49,CDI,il y a 20 heures,Noyant-Villages,49,CDI,Qualité / QHSE,Animateur QHSE H/F Terrena Terrena Noyant-Villages CDI Qualité / QHSE
Directeur de Magasin Super Idf H/F Auchan Retail France,Auchan Retail France,Sartrouville - 78,CDI,il y a 20 heures,Sartrouville,78,CDI,Commerce,Directeur de Magasin Super Idf H/F Auchan Retail France Auchan Retail France Sartrouville CDI Commerce
Analyste Fonctionnel Si Comptable H/F Cogep,Cogep,Bourges - 18,CDI,il y a 20 heures,Bourges,18,CDI,Finance / Assurance,Analyste Fonctionnel Si Comptable H/F Cogep Cogep Bourges CDI Finance / Assurance
Conseiller de Vente Alimentaire Stand Charcuterie - Fromage H/F Auchan Retail France,Auchan Retail France,Avignon - 84,CDI,il y a 20 heures,Avignon,84,CDI,Commerce,Conseiller de Vente Alimentaire Stand Charcuterie - Fromage H/F Auchan Retail France Auchan Retail France Avignon CDI Commerce
Responsable des Projets de Transformation One Safran Apqp & Aero Excellence H/F Safran,Safran,Malakoff - 92,CDI,il y a 20 heures,Malakoff,92,CDI,Management,Responsable des Projets de Transformation One Safran Apqp & Aero Excellence H/F Safran Safran Malakoff CDI Management
Actuaire Risques H/F Thélem assurances,Thélem assurances,Chécy - 45,CDI,il y a 20 heures,Chécy,45,CDI,Finance / Assurance,Actuaire Risques H/F Thélem assurances Thélem assurances Chécy CDI Finance / Assurance
Electricien·ne Tertiaire H/F Groupe Fauché,Groupe Fauché,Agen - 47,CDI,il y a 20 heures,Agen,47,CDI,Énergie / Technique,Electricien·ne Tertiaire H/F Groupe Fauché Groupe Fauché Agen CDI Énergie / Technique
Chef.Fe d'Équipe Électricité Tertiaire H/F Groupe Fauché,Groupe Fauché,Marmande - 47,CDI,il y a 20 heures,Marmande,47,CDI,Énergie / Technique,Chef.Fe d'Équipe Électricité Tertiaire H/F Groupe Fauché Groupe Fauché Marmande CDI Énergie / Technique
Référent des Prestataires de Service H/F Mondial Relay by InPost,Mondial Relay by InPost,Villeneuve-d'Ascq - 59,CDI,il y a 20 heures,Villeneuve-d'Ascq,59,CDI,Autre,Référent des Prestataires de Service H/F Mondial Relay by InPost Mondial Relay by InPost Villeneuve-d'Ascq CDI Autre
Responsable d'Atelier - le Havre H/F Loxam,Loxam,Le Havre - 76,CDI,il y a 20 heures,Le Havre,76,CDI,Management,Responsable d'Atelier - le Havre H/F Loxam Loxam Le Havre CDI Management
Tuyauteur H/F Actemium - Cegelec Pau,Actemium - Cegelec Pau,Pardies - 64,CDI,il y a 20 heures,Pardies,64,CDI,Autre,Tuyauteur H/F Actemium - Cegelec Pau Actemium - Cegelec Pau Pardies CDI Autre
Technicien de Chantiers Déshydratation H/F Veolia Agriculture France,Veolia Agriculture France,Nancy - 54,CDI,il y a 20 heures,Nancy,54,CDI,BTP,Technicien de Chantiers Déshydratation H/F Veolia Agriculture France Veolia Agriculture France Nancy CDI BTP
Ingénieur Génie Civil et Construction H/F Acxes,Acxes,Lyon - 69,CDI,il y a 20 heures,Lyon,69,CDI,Autre,Ingénieur Génie Civil et Construction H/F Acxes Acxes Lyon CDI Autre
Assistant Ménager et de Prospection H/F Maison et Services,Maison et Services,Châlons-en-Champagne - 51,CDI,il y a 20 heures,Châlons-en-Champagne,51,CDI,Administration,Assistant Ménager et de Prospection H/F Maison et Services Maison et Services Châlons-en-Champagne CDI Administration
Responsable Agence H/F Socotec,Socotec,Aix-en-Provence - 13,CDI,il y a 20 heures,Aix-en-Provence,13,CDI,Management,Responsable Agence H/F Socotec Socotec Aix-en-Provence CDI Management
Chef de Chantier Électricité Industrielle H/F Vinci Energies France Industrie Méditerranée,Vinci Energies France Industrie Méditerranée,Baillargues - 34,CDI,il y a 20 heures,Baillargues,34,CDI,BTP,Chef de Chantier Électricité Industrielle H/F Vinci Energies France Industrie Méditerranée Vinci Energies France Industrie Méditerranée Baillargues CDI BTP
Dessinateur Charpente et Structure Bois H/F VCSP Batiment Nord Est et ANSC,VCSP Batiment Nord Est et ANSC,Saône-et-Loire - 71,CDI,il y a 20 heures,Saône-et-Loire,71,CDI,BTP,Dessinateur Charpente et Structure Bois H/F VCSP Batiment Nord Est et ANSC VCSP Batiment Nord Est et ANSC Saône-et-Loire CDI BTP
Opérateur Spécialisé en Transformation de Viandes H/F Sodebo,Sodebo,Montaigu-Vendée - 85,CDI,il y a 20 heures,Montaigu-Vendée,85,CDI,Autre,Opérateur Spécialisé en Transformation de Viandes H/F Sodebo Sodebo Montaigu-Vendée CDI Autre
Manoeuvre TP H/F VINCI Energies Infrastructures Auvergne,VINCI Energies Infrastructures Auvergne,Clermont-Ferrand - 63,CDI,il y a 20 heures,Clermont-Ferrand,63,CDI,Énergie / Technique,Manoeuvre TP H/F VINCI Energies Infrastructures Auvergne VINCI Energies Infrastructures Auvergne Clermont-Ferrand CDI Énergie / Technique
Chargé de Clientèle Bancaire Confirmé H/F Crédit Mutuel de Bretagne,Crédit Mutuel de Bretagne,Finistère - 29,CDI,il y a 20 heures,Finistère,29,CDI,Informatique,Chargé de Clientèle Bancaire Confirmé H/F Crédit Mutuel de Bretagne Crédit Mutuel de Bretagne Finistère CDI Informatique
Chef.Fe d'Équipe Électricité Tertiaire H/F Groupe Fauché,Groupe Fauché,Agen - 47,CDI,il y a 20 heures,Agen,47,CDI,Énergie / Technique,Chef.Fe d'Équipe Électricité Tertiaire H/F Groupe Fauché Groupe Fauché Agen CDI Énergie / Technique
Électricien Industriel et Tertiare Confirmé H/F SPIE Facilities,SPIE Facilities,Saint-Apollinaire - 21,CDI,il y a 20 heures,Saint-Apollinaire,21,CDI,Énergie / Technique,Électricien Industriel et Tertiare Confirmé H/F SPIE Facilities SPIE Facilities Saint-Apollinaire CDI Énergie / Technique
Chef.Fe de Chantier Électricité Tertiaire H/F Groupe Fauché,Groupe Fauché,Agen - 47,CDI,il y a 20 heures,Agen,47,CDI,BTP,Chef.Fe de Chantier Électricité Tertiaire H/F Groupe Fauché Groupe Fauché Agen CDI BTP
Ingénieur - Technicien Atex H/F Bureau Veritas,Bureau Veritas,Fontenay-aux-Roses - 92,CDI,il y a 20 heures,Fontenay-aux-Roses,92,CDI,Énergie / Technique,Ingénieur - Technicien Atex H/F Bureau Veritas Bureau Veritas Fontenay-aux-Roses CDI Énergie / Technique
Spécialiste SEO - SEA H/F OASIS Projet,OASIS Projet,Saint-Étienne-du-Rouvray - 76,CDI,il y a 20 heures,Saint-Étienne-du-Rouvray,76,CDI,Autre,Spécialiste SEO - SEA H/F OASIS Projet OASIS Projet Saint-Étienne-du-Rouvray CDI Autre
Projeteur en Électricité H/F Groupe Fauché,Groupe Fauché,Vitrolles - 13,CDI,il y a 20 heures,Vitrolles,13,CDI,Énergie / Technique,Projeteur en Électricité H/F Groupe Fauché Groupe Fauché Vitrolles CDI Énergie / Technique
Chef de Projet Amélioration Continue H/F Groupe ONET,Groupe ONET,Madrid - Espagne,CDI,il y a 20 heures,Madrid - Espagne,0,CDI,Management,Chef de Projet Amélioration Continue H/F Groupe ONET Groupe ONET Madrid - Espagne CDI Management
Analyste Programmeur COBOL - Nantes H/F Mosica,Mosica,Nantes - 44,CDI,il y a 20 heures,Nantes,44,CDI,Autre,Analyste Programmeur COBOL - Nantes H/F Mosica Mosica Nantes CDI Autre
Chef de Département Dérivés Chlorés et Coproduits H/F Kem One,Kem One,Rhône - 69,CDI,il y a 20 heures,Rhône,69,CDI,Informatique,Chef de Département Dérivés Chlorés et Coproduits H/F Kem One Kem One Rhône CDI Informatique
Manager Equipe Commerciale H/F Maison Thiriet,Maison Thiriet,Appoigny - 89,CDI,il y a 20 heures,Appoigny,89,CDI,Commerce,Manager Equipe Commerciale H/F Maison Thiriet Maison Thiriet Appoigny CDI Commerce
Animateur QHSE H/F Terrena,Terrena,Noyant-Villages - 49,CDI,il y a 20 heures,Noyant-Villages,49,CDI,Qualité / QHSE,Animateur QHSE H/F Terrena Terrena Noyant-Villages CDI Qualité / QHSE
Directeur de Magasin Super Idf H/F Auchan Retail France,Auchan Retail France,Sartrouville - 78,CDI,il y a 20 heures,Sartrouville,78,CDI,Commerce,Directeur de Magasin Super Idf H/F Auchan Retail France Auchan Retail France Sartrouville CDI Commerce
Analyste Fonctionnel Si Comptable H/F Cogep,Cogep,Bourges - 18,CDI,il y a 20 heures,Bourges,18,CDI,Finance / Assurance,Analyste Fonctionnel Si Comptable H/F Cogep Cogep Bourges CDI Finance / Assurance
Conseiller de Vente Alimentaire Stand Charcuterie - Fromage H/F Auchan Retail France,Auchan Retail France,Avignon - 84,CDI,il y a 20 heures,Avignon,84,CDI,Commerce,Conseiller de Vente Alimentaire Stand Charcuterie - Fromage H/F Auchan Retail France Auchan Retail France Avignon CDI Commerce
Responsable des Projets de Transformation One Safran Apqp & Aero Excellence H/F Safran,Safran,Malakoff - 92,CDI,il y a 20 heures,Malakoff,92,CDI,Management,Responsable des Projets de Transformation One Safran Apqp & Aero Excellence H/F Safran Safran Malakoff CDI Management
Actuaire Risques H/F Thélem assurances,Thélem assurances,Chécy - 45,CDI,il y a 20 heures,Chécy,45,CDI,Finance / Assurance,Actuaire Risques H/F Thélem assurances Thélem assurances Chécy CDI Finance / Assurance
Electricien·ne Tertiaire H/F Groupe Fauché,Groupe Fauché,Agen - 47,CDI,il y a 20 heures,Agen,47,CDI,Énergie / Technique,Electricien·ne Tertiaire H/F Groupe Fauché Groupe Fauché Agen CDI Énergie / Technique
Chef.Fe d'Équipe Électricité Tertiaire H/F Groupe Fauché,Groupe Fauché,Marmande - 47,CDI,il y a 20 heures,Marmande,47,CDI,Énergie / Technique,Chef.Fe d'Équipe Électricité Tertiaire H/F Groupe Fauché Groupe Fauché Marmande CDI Énergie / Technique
Référent des Prestataires de Service H/F Mondial Relay by InPost,Mondial Relay by InPost,Villeneuve-d'Ascq - 59,CDI,il y a 20 heures,Villeneuve-d'Ascq,59,CDI,Autre,Référent des Prestataires de Service H/F Mondial Relay by InPost Mondial Relay by InPost Villeneuve-d'Ascq CDI Autre
Responsable d'Atelier - le Havre H/F Loxam,Loxam,Le Havre - 76,CDI,il y a 20 heures,Le Havre,76,CDI,Management,Responsable d'Atelier - le Havre H/F Loxam Loxam Le Havre CDI Management
Tuyauteur H/F Actemium - Cegelec Pau,Actemium - Cegelec Pau,Pardies - 64,CDI,il y a 20 heures,Pardies,64,CDI,Autre,Tuyauteur H/F Actemium - Cegelec Pau Actemium - Cegelec Pau Pardies CDI Autre
Technicien de Chantiers Déshydratation H/F Veolia Agriculture France,Veolia Agriculture France,Nancy - 54,CDI,il y a 20 heures,Nancy,54,CDI,BTP,Technicien de Chantiers Déshydratation H/F Veolia Agriculture France Veolia Agriculture France Nancy CDI BTP
Ingénieur Génie Civil et Construction H/F Acxes,Acxes,Lyon - 69,CDI,il y a 20 heures,Lyon,69,CDI,Autre,Ingénieur Génie Civil et Construction H/F Acxes Acxes Lyon CDI Autre
Assistant Ménager et de Prospection H/F Maison et Services,Maison et Services,Châlons-en-Champagne - 51,CDI,il y a 20 heures,Châlons-en-Champagne,51,CDI,Administration,Assistant Ménager et de Prospection H/F Maison et Services Maison et Services Châlons-en-Champagne CDI Administration
Responsable Agence H/F Socotec,Socotec,Aix-en-Provence - 13,CDI,il y a 20 heures,Aix-en-Provence,13,CDI,Management,Responsable Agence H/F Socotec Socotec Aix-en-Provence CDI Management
Chef de Chantier Électricité Industrielle H/F Vinci Energies France Industrie Méditerranée,Vinci Energies France Industrie Méditerranée,Baillargues - 34,CDI,il y a 20 heures,Baillargues,34,CDI,BTP,Chef de Chantier Électricité Industrielle H/F Vinci Energies France Industrie Méditerranée Vinci Energies France Industrie Méditerranée Baillargues CDI BTP
Dessinateur Charpente et Structure Bois H/F VCSP Batiment Nord Est et ANSC,VCSP Batiment Nord Est et ANSC,Saône-et-Loire - 71,CDI,il y a 20 heures,Saône-et-Loire,71,CDI,BTP,Dessinateur Charpente et Structure Bois H/F VCSP Batiment Nord Est et ANSC VCSP Batiment Nord Est et ANSC Saône-et-Loire CDI BTP
Opérateur Spécialisé en Transformation de Viandes H/F Sodebo,Sodebo,Montaigu-Vendée - 85,CDI,il y a 21 heures,Montaigu-Vendée,85,CDI,Autre,Opérateur Spécialisé en Transformation de Viandes H/F Sodebo Sodebo Montaigu-Vendée CDI Autre
Manoeuvre TP H/F VINCI Energies Infrastructures Auvergne,VINCI Energies Infrastructures Auvergne,Clermont-Ferrand - 63,CDI,il y a 21 heures,Clermont-Ferrand,63,CDI,Énergie / Technique,Manoeuvre TP H/F VINCI Energies Infrastructures Auvergne VINCI Energies Infrastructures Auvergne Clermont-Ferrand CDI Énergie / Technique
Chargé de Clientèle Bancaire Confirmé H/F Crédit Mutuel de Bretagne,Crédit Mutuel de Bretagne,Finistère - 29,CDI,il y a 21 heures,Finistère,29,CDI,Informatique,Chargé de Clientèle Bancaire Confirmé H/F Crédit Mutuel de Bretagne Crédit Mutuel de Bretagne Finistère CDI Informatique
Chef.Fe d'Équipe Électricité Tertiaire H/F Groupe Fauché,Groupe Fauché,Agen - 47,CDI,il y a 20 heures,Agen,47,CDI,Énergie / Technique,Chef.Fe d'Équipe Électricité Tertiaire H/F Groupe Fauché Groupe Fauché Agen CDI Énergie / Technique
Électricien Industriel et Tertiare Confirmé H/F SPIE Facilities,SPIE Facilities,Saint-Apollinaire - 21,CDI,il y a 20 heures,Saint-Apollinaire,21,CDI,Énergie / Technique,Électricien Industriel et Tertiare Confirmé H/F SPIE Facilities SPIE Facilities Saint-Apollinaire CDI Énergie / Technique
Chef.Fe de Chantier Électricité Tertiaire H/F Groupe Fauché,Groupe Fauché,Agen - 47,CDI,il y a 20 heures,Agen,47,CDI,BTP,Chef.Fe de Chantier Électricité Tertiaire H/F Groupe Fauché Groupe Fauché Agen CDI BTP
Ingénieur - Technicien Atex H/F Bureau Veritas,Bureau Veritas,Fontenay-aux-Roses - 92,CDI,il y a 20 heures,Fontenay-aux-Roses,92,CDI,Énergie / Technique,Ingénieur - Technicien Atex H/F Bureau Veritas Bureau Veritas Fontenay-aux-Roses CDI Énergie / Technique
Spécialiste SEO - SEA H/F OASIS Projet,OASIS Projet,Saint-Étienne-du-Rouvray - 76,CDI,il y a 20 heures,Saint-Étienne-du-Rouvray,76,CDI,Autre,Spécialiste SEO - SEA H/F OASIS Projet OASIS Projet Saint-Étienne-du-Rouvray CDI Autre
Projeteur en Électricité H/F Groupe Fauché,Groupe Fauché,Vitrolles - 13,CDI,il y a 20 heures,Vitrolles,13,CDI,Énergie / Technique,Projeteur en Électricité H/F Groupe Fauché Groupe Fauché Vitrolles CDI Énergie / Technique
Chef de Projet Amélioration Continue H/F Groupe ONET,Groupe ONET,Madrid - Espagne,CDI,il y a 20 heures,Madrid - Espagne,0,CDI,Management,Chef de Projet Amélioration Continue H/F Groupe ONET Groupe ONET Madrid - Espagne CDI Management
Analyste Programmeur COBOL - Nantes H/F Mosica,Mosica,Nantes - 44,CDI,il y a 20 heures,Nantes,44,CDI,Autre,Analyste Programmeur COBOL - Nantes H/F Mosica Mosica Nantes CDI Autre
Chef de Département Dérivés Chlorés et Coproduits H/F Kem One,Kem One,Rhône - 69,CDI,il y a 20 heures,Rhône,69,CDI,Informatique,Chef de Département Dérivés Chlorés et Coproduits H/F Kem One Kem One Rhône CDI Informatique
Assistant Administratif H/F AURA,AURA,Colomiers - 31,CDI,il y a 18 heures,Colomiers,31,CDI,Administration,Assistant Administratif H/F AURA AURA Colomiers CDI Administration
Responsable Bureau d'Études CFO - CFA H/F VINCI Energies France Infras Sud Ouest Antilles Guyane,VINCI Energies France Infras Sud Ouest Antilles Guyane,Le Lamentin - 972,CDI,il y a 20 heures,Le Lamentin,972,CDI,Énergie / Technique,Responsable Bureau d'Études CFO - CFA H/F VINCI Energies France Infras Sud Ouest Antilles Guyane VINCI Energies France Infras Sud Ouest Antilles Guyane Le Lamentin CDI Énergie / Technique
Technicien Télécom Radio H/F VINCI Energies France Infras Sud Ouest Antilles Guyane,VINCI Energies France Infras Sud Ouest Antilles Guyane,Le Lamentin - 972,CDI,il y a 20 heures,Le Lamentin,972,CDI,Énergie / Technique,Technicien Télécom Radio H/F VINCI Energies France Infras Sud Ouest Antilles Guyane VINCI Energies France Infras Sud Ouest Antilles Guyane Le Lamentin CDI Énergie / Technique
Adjoint Responsable Qualité Mayenne 53 H/F Lactalis,Lactalis,Mayenne - 53,CDI,il y a 19 heures,Mayenne,53,CDI,Qualité / QHSE,Adjoint Responsable Qualité Mayenne 53 H/F Lactalis Lactalis Mayenne CDI Qualité / QHSE
Hospitality Manager H/F Armonia Hospitality,Armonia Hospitality,Paris - 75,CDI,il y a 19 heures,Paris,75,CDI,Informatique,Hospitality Manager H/F Armonia Hospitality Armonia Hospitality Paris CDI Informatique
Hôte - Hôtesse d'Accueil Standardiste H/F Phone Régie,Phone Régie,Strasbourg - 67,CDI,il y a 19 heures,Strasbourg,67,CDI,Autre,Hôte - Hôtesse d'Accueil Standardiste H/F Phone Régie Phone Régie Strasbourg CDI Autre
Magasinier Polyvalent H/F Parts Holding Europe,Parts Holding Europe,Meaux - 77,CDI,il y a 19 heures,Meaux,77,CDI,Logistique,Magasinier Polyvalent H/F Parts Holding Europe Parts Holding Europe Meaux CDI Logistique
Mécanicien Automobile H/F Volkswagen,Volkswagen,Mâcon - 71,CDI,il y a 19 heures,Mâcon,71,CDI,Autre,Mécanicien Automobile H/F Volkswagen Volkswagen Mâcon CDI Autre
Intitulé de Poste H/F AIS,AIS,Saint-Herblain - 44,CDI,il y a 19 heures,Saint-Herblain,44,CDI,Informatique,Intitulé de Poste H/F AIS AIS Saint-Herblain CDI Informatique
Coordinateur H/F La Société Les Jardins d'Arcadie,La Société Les Jardins d'Arcadie,Le Bois-Plage-en-Ré - 17,CDI,il y a 19 heures,Le Bois-Plage-en-Ré,17,CDI,Autre,Coordinateur H/F La Société Les Jardins d'Arcadie La Société Les Jardins d'Arcadie Le Bois-Plage-en-Ré CDI Autre
Cuisinier H/F Api Restauration,Api Restauration,Châteaulin - 29,CDI,il y a 19 heures,Châteaulin,29,CDI,Restauration,Cuisinier H/F Api Restauration Api Restauration Châteaulin CDI Restauration
Assistant·e.S Techniques et Relations Locataires H/F Archipel Habitat,Archipel Habitat,Rennes - 35,CDI,il y a 19 heures,Rennes,35,CDI,Informatique,Assistant·e.S Techniques et Relations Locataires H/F Archipel Habitat Archipel Habitat Rennes CDI Informatique
Agent de Propreté H/F ABER Propreté,ABER Propreté,La Chapelle-sur-Erdre - 44,CDI,il y a 19 heures,La Chapelle-sur-Erdre,44,CDI,Autre,Agent de Propreté H/F ABER Propreté ABER Propreté La Chapelle-sur-Erdre CDI Autre
Jardinier Paysagiste Création H/F Daniel Moquet signe vos jardins,Daniel Moquet signe vos jardins,Bayonne - 64,CDI,il y a 19 heures,Bayonne,64,CDI,Autre,Jardinier Paysagiste Création H/F Daniel Moquet signe vos jardins Daniel Moquet signe vos jardins Bayonne CDI Autre
Agent de Propreté H/F ABER Propreté,ABER Propreté,Blain - 44,CDI,il y a 19 heures,Blain,44,CDI,Autre,Agent de Propreté H/F ABER Propreté ABER Propreté Blain CDI Autre
Mécanicien - Mécanicienne Automobile H/F Norauto,Norauto,Saint-Parres-aux-Tertres - 10,CDI,il y a 20 heures,Saint-Parres-aux-Tertres,10,CDI,Autre,Mécanicien - Mécanicienne Automobile H/F Norauto Norauto Saint-Parres-aux-Tertres CDI Autre
Ingénieur Sécurité des Procédés H/F Hexcel,Hexcel,Le Péage-de-Roussillon - 38,CDI,il y a 20 heures,Le Péage-de-Roussillon,38,CDI,Qualité / QHSE,Ingénieur Sécurité des Procédés H/F Hexcel Hexcel Le Péage-de-Roussillon CDI Qualité / QHSE
Mécanicien - Mécanicienne Automobile H/F Norauto,Norauto,Chantepie - 35,CDI,il y a 20 heures,Chantepie,35,CDI,Autre,Mécanicien - Mécanicienne Automobile H/F Norauto Norauto Chantepie CDI Autre
Technicien de Maintenance Itinérant H/F SDEZ,SDEZ,France,CDI,il y a 20 heures,France,0,CDI,Énergie / Technique,Technicien de Maintenance Itinérant H/F SDEZ SDEZ France CDI Énergie / Technique
Chargé de Développement Commercial H/F TGS France,TGS France,Saint-Lô - 50,CDI,il y a 20 heures,Saint-Lô,50,CDI,Commerce,Chargé de Développement Commercial H/F TGS France TGS France Saint-Lô CDI Commerce
Responsable Logistique H/F Picnic Technologies,Picnic Technologies,Moissy-Cramayel - 77,CDI,il y a 20 heures,Moissy-Cramayel,77,CDI,Logistique,Responsable Logistique H/F Picnic Technologies Picnic Technologies Moissy-Cramayel CDI Logistique
Cuisinier H/F Vitalrest,Vitalrest,Castelnau-le-Lez - 34,CDI,il y a 20 heures,Castelnau-le-Lez,34,CDI,Restauration,Cuisinier H/F Vitalrest Vitalrest Castelnau-le-Lez CDI Restauration
Conducteur d'Engins en Scierie H/F Groupe Barillet,Groupe Barillet,Vitry-aux-Loges - 45,CDI,il y a 20 heures,Vitry-aux-Loges,45,CDI,BTP,Conducteur d'Engins en Scierie H/F Groupe Barillet Groupe Barillet Vitry-aux-Loges CDI BTP
Chargé d'Etudes Géotechniques H/F Ramery,Ramery,Harnes - 62,CDI,il y a 20 heures,Harnes,62,CDI,BTP,Chargé d'Etudes Géotechniques H/F Ramery Ramery Harnes CDI BTP
Gestionnaire de Parc - Feyzin H/F Kiloutou,Kiloutou,Feyzin - 69,CDI,il y a 20 heures,Feyzin,69,CDI,Administration,Gestionnaire de Parc - Feyzin H/F Kiloutou Kiloutou Feyzin CDI Administration
Consultant Expérience Client & Solutions Saas H/F Ingram Micro,Ingram Micro,Lesquin - 59,CDI,il y a 20 heures,Lesquin,59,CDI,Autre,Consultant Expérience Client & Solutions Saas H/F Ingram Micro Ingram Micro Lesquin CDI Autre
Chargé d'Études de Prix - Electricité H/F Groupe Fauché,Groupe Fauché,Périgueux - 24,CDI,il y a 20 heures,Périgueux,24,CDI,Énergie / Technique,Chargé d'Études de Prix - Electricité H/F Groupe Fauché Groupe Fauché Périgueux CDI Énergie / Technique
Conducteur PL de Nuit avec CACES 1-3-5 H/F GT Solutions,GT Solutions,Pantin - 93,CDI,il y a 20 heures,Pantin,93,CDI,Logistique,Conducteur PL de Nuit avec CACES 1-3-5 H/F GT Solutions GT Solutions Pantin CDI Logistique
Assistant Ménager et de Prospection H/F Maison et Services,Maison et Services,Châlons-en-Champagne - 51,CDI,il y a 20 heures,Châlons-en-Champagne,51,CDI,Administration,Assistant Ménager et de Prospection H/F Maison et Services Maison et Services Châlons-en-Champagne CDI Administration
Responsable Agence H/F Socotec,Socotec,Aix-en-Provence - 13,CDI,il y a 20 heures,Aix-en-Provence,13,CDI,Management,Responsable Agence H/F Socotec Socotec Aix-en-Provence CDI Management
Opérateur Spécialisé - Cuisinier H/F Sodebo,Sodebo,Montaigu-Vendée - 85,CDI,il y a 21 heures,Montaigu-Vendée,85,CDI,Restauration,Opérateur Spécialisé - Cuisinier H/F Sodebo Sodebo Montaigu-Vendée CDI Restauration
Technicien de Maintenance - Mécanicien H/F Veolia Environnement,Veolia Environnement,Dombasle-sur-Meurthe - 54,CDI,il y a 21 heures,Dombasle-sur-Meurthe,54,CDI,Énergie / Technique,Technicien de Maintenance - Mécanicien H/F Veolia Environnement Veolia Environnement Dombasle-sur-Meurthe CDI Énergie / Technique
Consultant Confirmé Système - Lyon H/F CNS Communications,CNS Communications,Lyon 2e - 69,CDI,il y a 21 heures,Lyon 2e,69,CDI,Autre,Consultant Confirmé Système - Lyon H/F CNS Communications CNS Communications Lyon 2e CDI Autre
Ingénieur Automatisation & Netdevops - Lyon H/F CNS Communications,CNS Communications,Lyon 2e - 69,CDI,il y a 21 heures,Lyon 2e,69,CDI,Autre,Ingénieur Automatisation & Netdevops - Lyon H/F CNS Communications CNS Communications Lyon 2e CDI Autre
Opérateur Spécialisé en Transformation de Viandes H/F Sodebo,Sodebo,Montaigu-Vendée - 85,CDI,il y a 21 heures,Montaigu-Vendée,85,CDI,Autre,Opérateur Spécialisé en Transformation de Viandes H/F Sodebo Sodebo Montaigu-Vendée CDI Autre
Manoeuvre TP H/F VINCI Energies Infrastructures Auvergne,VINCI Energies Infrastructures Auvergne,Clermont-Ferrand - 63,CDI,il y a 21 heures,Clermont-Ferrand,63,CDI,Énergie / Technique,Manoeuvre TP H/F VINCI Energies Infrastructures Auvergne VINCI Energies Infrastructures Auvergne Clermont-Ferrand CDI Énergie / Technique
Chargé de Clientèle Bancaire Confirmé H/F Crédit Mutuel de Bretagne,Crédit Mutuel de Bretagne,Finistère - 29,CDI,il y a 21 heures,Finistère,29,CDI,Informatique,Chargé de Clientèle Bancaire Confirmé H/F Crédit Mutuel de Bretagne Crédit Mutuel de Bretagne Finistère CDI Informatique
Chef.Fe d'Équipe Électricité Tertiaire H/F Groupe Fauché,Groupe Fauché,Agen - 47,CDI,il y a 21 heures,Agen,47,CDI,Énergie / Technique,Chef.Fe d'Équipe Électricité Tertiaire H/F Groupe Fauché Groupe Fauché Agen CDI Énergie / Technique
Électricien Industriel et Tertiare Confirmé H/F SPIE Facilities,SPIE Facilities,Saint-Apollinaire - 21,CDI,il y a 21 heures,Saint-Apollinaire,21,CDI,Énergie / Technique,Électricien Industriel et Tertiare Confirmé H/F SPIE Facilities SPIE Facilities Saint-Apollinaire CDI Énergie / Technique
Chef.Fe de Chantier Électricité Tertiaire H/F Groupe Fauché,Groupe Fauché,Agen - 47,CDI,il y a 21 heures,Agen,47,CDI,BTP,Chef.Fe de Chantier Électricité Tertiaire H/F Groupe Fauché Groupe Fauché Agen CDI BTP
Ingénieur - Technicien Atex H/F Bureau Veritas,Bureau Veritas,Fontenay-aux-Roses - 92,CDI,il y a 21 heures,Fontenay-aux-Roses,92,CDI,Énergie / Technique,Ingénieur - Technicien Atex H/F Bureau Veritas Bureau Veritas Fontenay-aux-Roses CDI Énergie / Technique
Spécialiste SEO - SEA H/F OASIS Projet,OASIS Projet,Saint-Étienne-du-Rouvray - 76,CDI,il y a 21 heures,Saint-Étienne-du-Rouvray,76,CDI,Autre,Spécialiste SEO - SEA H/F OASIS Projet OASIS Projet Saint-Étienne-du-Rouvray CDI Autre
Projeteur en Électricité H/F Groupe Fauché,Groupe Fauché,Vitrolles - 13,CDI,il y a 21 heures,Vitrolles,13,CDI,Énergie / Technique,Projeteur en Électricité H/F Groupe Fauché Groupe Fauché Vitrolles CDI Énergie / Technique
Chef de Projet Amélioration Continue H/F Groupe ONET,Groupe ONET,Madrid - Espagne,CDI,il y a 21 heures,Madrid - Espagne,0,CDI,Management,Chef de Projet Amélioration Continue H/F Groupe ONET Groupe ONET Madrid - Espagne CDI Management
Analyste Programmeur COBOL - Nantes H/F Mosica,Mosica,Nantes - 44,CDI,il y a 21 heures,Nantes,44,CDI,Autre,Analyste Programmeur COBOL - Nantes H/F Mosica Mosica Nantes CDI Autre
Expert Trade & Cycle d'Exploitation H/F Arkea Banque Entreprises et Institutionnels,Arkea Banque Entreprises et Institutionnels,Rennes - 35,CDI,il y a 21 heures,Rennes,35,CDI,Informatique,Expert Trade & Cycle d'Exploitation H/F Arkea Banque Entreprises et Institutionnels Arkea Banque Entreprises et Institutionnels Rennes CDI Informatique
Directeur Technique H/F Fives Groupe,Fives Groupe,Héricourt - 70,CDI,il y a 21 heures,Héricourt,70,CDI,Informatique,Directeur Technique H/F Fives Groupe Fives Groupe Héricourt CDI Informatique
Ecologue Faunes H/F ECR Environnement,ECR Environnement,Villebon-sur-Yvette - 91,CDI,il y a 21 heures,Villebon-sur-Yvette,91,CDI,Autre,Ecologue Faunes H/F ECR Environnement ECR Environnement Villebon-sur-Yvette CDI Autre
SAP S - 4 Hana Technical Consultant Basis Cpi - EDI Interfaces H/F Hozelock Exel,Hozelock Exel,Arnas - 69,CDI,il y a 21 heures,Arnas,69,CDI,Informatique,SAP S - 4 Hana Technical Consultant Basis Cpi - EDI Interfaces H/F Hozelock Exel Hozelock Exel Arnas CDI Informatique
Directeur de Marché - Région - Nord E1 H/F Kone,Kone,Reims - 51,CDI,il y a 21 heures,Reims,51,CDI,Management,Directeur de Marché - Région - Nord E1 H/F Kone Kone Reims CDI Management
Ingénieur Génie Civil H/F Orano,Orano,La Hague - 50,CDI,il y a 20 heures,La Hague,50,CDI,Autre,Ingénieur Génie Civil H/F Orano Orano La Hague CDI Autre
Service Team Leader Doors H/F Kone,Kone,Belgique,CDI,il y a 20 heures,Belgique,0,CDI,Autre,Service Team Leader Doors H/F Kone Kone Belgique CDI Autre
Technicien SSI H/F Eryma Sas,Eryma Sas,Couëron - 44,CDI,il y a 20 heures,Couëron,44,CDI,Énergie / Technique,Technicien SSI H/F Eryma Sas Eryma Sas Couëron CDI Énergie / Technique
Educateur Spécialisé H/F Fondation de la maison du Diaconat,Fondation de la maison du Diaconat,Mulhouse - 68,CDI,il y a 20 heures,Mulhouse,68,CDI,Autre,Educateur Spécialisé H/F Fondation de la maison du Diaconat Fondation de la maison du Diaconat Mulhouse CDI Autre
Actuaire Risques H/F Thélem assurances,Thélem assurances,Chécy - 45,CDI,il y a 20 heures,Chécy,45,CDI,Finance / Assurance,Actuaire Risques H/F Thélem assurances Thélem assurances Chécy CDI Finance / Assurance
Electricien·ne Tertiaire H/F Groupe Fauché,Groupe Fauché,Agen - 47,CDI,il y a 20 heures,Agen,47,CDI,Énergie / Technique,Electricien·ne Tertiaire H/F Groupe Fauché Groupe Fauché Agen CDI Énergie / Technique
Chef.Fe d'Équipe Électricité Tertiaire H/F Groupe Fauché,Groupe Fauché,Marmande - 47,CDI,il y a 20 heures,Marmande,47,CDI,Énergie / Technique,Chef.Fe d'Équipe Électricité Tertiaire H/F Groupe Fauché Groupe Fauché Marmande CDI Énergie / Technique
Référent des Prestataires de Service H/F Mondial Relay by InPost,Mondial Relay by InPost,Villeneuve-d'Ascq - 59,CDI,il y a 20 heures,Villeneuve-d'Ascq,59,CDI,Autre,Référent des Prestataires de Service H/F Mondial Relay by InPost Mondial Relay by InPost Villeneuve-d'Ascq CDI Autre
Responsable d'Atelier - le Havre H/F Loxam,Loxam,Le Havre - 76,CDI,il y a 20 heures,Le Havre,76,CDI,Management,Responsable d'Atelier - le Havre H/F Loxam Loxam Le Havre CDI Management
Tuyauteur H/F Actemium - Cegelec Pau,Actemium - Cegelec Pau,Pardies - 64,CDI,il y a 20 heures,Pardies,64,CDI,Autre,Tuyauteur H/F Actemium - Cegelec Pau Actemium - Cegelec Pau Pardies CDI Autre
Opérateur Spécialisé - Cuisinier H/F Sodebo,Sodebo,Montaigu-Vendée - 85,CDI,il y a 21 heures,Montaigu-Vendée,85,CDI,Restauration,Opérateur Spécialisé - Cuisinier H/F Sodebo Sodebo Montaigu-Vendée CDI Restauration
Technicien de Maintenance - Mécanicien H/F Veolia Environnement,Veolia Environnement,Dombasle-sur-Meurthe - 54,CDI,il y a 21 heures,Dombasle-sur-Meurthe,54,CDI,Énergie / Technique,Technicien de Maintenance - Mécanicien H/F Veolia Environnement Veolia Environnement Dombasle-sur-Meurthe CDI Énergie / Technique
Consultant Confirmé Système - Lyon H/F CNS Communications,CNS Communications,Lyon 2e - 69,CDI,il y a 21 heures,Lyon 2e,69,CDI,Autre,Consultant Confirmé Système - Lyon H/F CNS Communications CNS Communications Lyon 2e CDI Autre
Ingénieur Automatisation & Netdevops - Lyon H/F CNS Communications,CNS Communications,Lyon 2e - 69,CDI,il y a 21 heures,Lyon 2e,69,CDI,Autre,Ingénieur Automatisation & Netdevops - Lyon H/F CNS Communications CNS Communications Lyon 2e CDI Autre
Opérateur Spécialisé en Transformation de Viandes H/F Sodebo,Sodebo,Montaigu-Vendée - 85,CDI,il y a 21 heures,Montaigu-Vendée,85,CDI,Autre,Opérateur Spécialisé en Transformation de Viandes H/F Sodebo Sodebo Montaigu-Vendée CDI Autre
Manoeuvre TP H/F VINCI Energies Infrastructures Auvergne,VINCI Energies Infrastructures Auvergne,Clermont-Ferrand - 63,CDI,il y a 21 heures,Clermont-Ferrand,63,CDI,Énergie / Technique,Manoeuvre TP H/F VINCI Energies Infrastructures Auvergne VINCI Energies Infrastructures Auvergne Clermont-Ferrand CDI Énergie / Technique
Chargé de Clientèle Bancaire Confirmé H/F Crédit Mutuel de Bretagne,Crédit Mutuel de Bretagne,Finistère - 29,CDI,il y a 21 heures,Finistère,29,CDI,Informatique,Chargé de Clientèle Bancaire Confirmé H/F Crédit Mutuel de Bretagne Crédit Mutuel de Bretagne Finistère CDI Informatique
Chef.Fe d'Équipe Électricité Tertiaire H/F Groupe Fauché,Groupe Fauché,Agen - 47,CDI,il y a 21 heures,Agen,47,CDI,Énergie / Technique,Chef.Fe d'Équipe Électricité Tertiaire H/F Groupe Fauché Groupe Fauché Agen CDI Énergie / Technique
Électricien Industriel et Tertiare Confirmé H/F SPIE Facilities,SPIE Facilities,Saint-Apollinaire - 21,CDI,il y a 21 heures,Saint-Apollinaire,21,CDI,Énergie / Technique,Électricien Industriel et Tertiare Confirmé H/F SPIE Facilities SPIE Facilities Saint-Apollinaire CDI Énergie / Technique
Chef.Fe de Chantier Électricité Tertiaire H/F Groupe Fauché,Groupe Fauché,Agen - 47,CDI,il y a 21 heures,Agen,47,CDI,BTP,Chef.Fe de Chantier Électricité Tertiaire H/F Groupe Fauché Groupe Fauché Agen CDI BTP
Ingénieur - Technicien Atex H/F Bureau Veritas,Bureau Veritas,Fontenay-aux-Roses - 92,CDI,il y a 21 heures,Fontenay-aux-Roses,92,CDI,Énergie / Technique,Ingénieur - Technicien Atex H/F Bureau Veritas Bureau Veritas Fontenay-aux-Roses CDI Énergie / Technique
Spécialiste SEO - SEA H/F OASIS Projet,OASIS Projet,Saint-Étienne-du-Rouvray - 76,CDI,il y a 21 heures,Saint-Étienne-du-Rouvray,76,CDI,Autre,Spécialiste SEO - SEA H/F OASIS Projet OASIS Projet Saint-Étienne-du-Rouvray CDI Autre
Projeteur en Électricité H/F Groupe Fauché,Groupe Fauché,Vitrolles - 13,CDI,il y a 21 heures,Vitrolles,13,CDI,Énergie / Technique,Projeteur en Électricité H/F Groupe Fauché Groupe Fauché Vitrolles CDI Énergie / Technique
Chef de Projet Amélioration Continue H/F Groupe ONET,Groupe ONET,Madrid - Espagne,CDI,il y a 21 heures,Madrid - Espagne,0,CDI,Management,Chef de Projet Amélioration Continue H/F Groupe ONET Groupe ONET Madrid - Espagne CDI Management
Analyste Programmeur COBOL - Nantes H/F Mosica,Mosica,Nantes - 44,CDI,il y a 21 heures,Nantes,44,CDI,Autre,Analyste Programmeur COBOL - Nantes H/F Mosica Mosica Nantes CDI Autre
Expert Trade & Cycle d'Exploitation H/F Arkea Banque Entreprises et Institutionnels,Arkea Banque Entreprises et Institutionnels,Rennes - 35,CDI,il y a 21 heures,Rennes,35,CDI,Informatique,Expert Trade & Cycle d'Exploitation H/F Arkea Banque Entreprises et Institutionnels Arkea Banque Entreprises et Institutionnels Rennes CDI Informatique
Directeur Technique H/F Fives Groupe,Fives Groupe,Héricourt - 70,CDI,il y a 21 heures,Héricourt,70,CDI,Informatique,Directeur Technique H/F Fives Groupe Fives Groupe Héricourt CDI Informatique
Ecologue Faunes H/F ECR Environnement,ECR Environnement,Villebon-sur-Yvette - 91,CDI,il y a 21 heures,Villebon-sur-Yvette,91,CDI,Autre,Ecologue Faunes H/F ECR Environnement ECR Environnement Villebon-sur-Yvette CDI Autre
SAP S - 4 Hana Technical Consultant Basis Cpi - EDI Interfaces H/F Hozelock Exel,Hozelock Exel,Arnas - 69,CDI,il y a 21 heures,Arnas,69,CDI,Informatique,SAP S - 4 Hana Technical Consultant Basis Cpi - EDI Interfaces H/F Hozelock Exel Hozelock Exel Arnas CDI Informatique
Directeur de Marché - Région - Nord E1 H/F Kone,Kone,Reims - 51,CDI,il y a 21 heures,Reims,51,CDI,Management,Directeur de Marché - Région - Nord E1 H/F Kone Kone Reims CDI Management
Ingénieur Génie Civil H/F Orano,Orano,La Hague - 50,CDI,il y a 20 heures,La Hague,50,CDI,Autre,Ingénieur Génie Civil H/F Orano Orano La Hague CDI Autre
Service Team Leader Doors H/F Kone,Kone,Belgique,CDI,il y a 20 heures,Belgique,0,CDI,Autre,Service Team Leader Doors H/F Kone Kone Belgique CDI Autre
Technicien SSI H/F Eryma Sas,Eryma Sas,Couëron - 44,CDI,il y a 20 heures,Couëron,44,CDI,Énergie / Technique,Technicien SSI H/F Eryma Sas Eryma Sas Couëron CDI Énergie / Technique
Educateur Spécialisé H/F Fondation de la maison du Diaconat,Fondation de la maison du Diaconat,Mulhouse - 68,CDI,il y a 20 heures,Mulhouse,68,CDI,Autre,Educateur Spécialisé H/F Fondation de la maison du Diaconat Fondation de la maison du Diaconat Mulhouse CDI Autre
Actuaire Risques H/F Thélem assurances,Thélem assurances,Chécy - 45,CDI,il y a 20 heures,Chécy,45,CDI,Finance / Assurance,Actuaire Risques H/F Thélem assurances Thélem assurances Chécy CDI Finance / Assurance
Electricien·ne Tertiaire H/F Groupe Fauché,Groupe Fauché,Agen - 47,CDI,il y a 20 heures,Agen,47,CDI,Énergie / Technique,Electricien·ne Tertiaire H/F Groupe Fauché Groupe Fauché Agen CDI Énergie / Technique
Chef.Fe d'Équipe Électricité Tertiaire H/F Groupe Fauché,Groupe Fauché,Marmande - 47,CDI,il y a 20 heures,Marmande,47,CDI,Énergie / Technique,Chef.Fe d'Équipe Électricité Tertiaire H/F Groupe Fauché Groupe Fauché Marmande CDI Énergie / Technique
Référent des Prestataires de Service H/F Mondial Relay by InPost,Mondial Relay by InPost,Villeneuve-d'Ascq - 59,CDI,il y a 20 heures,Villeneuve-d'Ascq,59,CDI,Autre,Référent des Prestataires de Service H/F Mondial Relay by InPost Mondial Relay by InPost Villeneuve-d'Ascq CDI Autre
Responsable d'Atelier - le Havre H/F Loxam,Loxam,Le Havre - 76,CDI,il y a 20 heures,Le Havre,76,CDI,Management,Responsable d'Atelier - le Havre H/F Loxam Loxam Le Havre CDI Management
Tuyauteur H/F Actemium - Cegelec Pau,Actemium - Cegelec Pau,Pardies - 64,CDI,il y a 20 heures,Pardies,64,CDI,Autre,Tuyauteur H/F Actemium - Cegelec Pau Actemium - Cegelec Pau Pardies CDI Autre
Manager Equipe Commerciale H/F Maison Thiriet,Maison Thiriet,Appoigny - 89,CDI,il y a 20 heures,Appoigny,89,CDI,Commerce,Manager Equipe Commerciale H/F Maison Thiriet Maison Thiriet Appoigny CDI Commerce
Animateur QHSE H/F Terrena,Terrena,Noyant-Villages - 49,CDI,il y a 20 heures,Noyant-Villages,49,CDI,Qualité / QHSE,Animateur QHSE H/F Terrena Terrena Noyant-Villages CDI Qualité / QHSE
Directeur de Magasin Super Idf H/F Auchan Retail France,Auchan Retail France,Sartrouville - 78,CDI,il y a 20 heures,Sartrouville,78,CDI,Commerce,Directeur de Magasin Super Idf H/F Auchan Retail France Auchan Retail France Sartrouville CDI Commerce
Analyste Fonctionnel Si Comptable H/F Cogep,Cogep,Bourges - 18,CDI,il y a 20 heures,Bourges,18,CDI,Finance / Assurance,Analyste Fonctionnel Si Comptable H/F Cogep Cogep Bourges CDI Finance / Assurance
Conseiller de Vente Alimentaire Stand Charcuterie - Fromage H/F Auchan Retail France,Auchan Retail France,Avignon - 84,CDI,il y a 20 heures,Avignon,84,CDI,Commerce,Conseiller de Vente Alimentaire Stand Charcuterie - Fromage H/F Auchan Retail France Auchan Retail France Avignon CDI Commerce
Responsable des Projets de Transformation One Safran Apqp & Aero Excellence H/F Safran,Safran,Malakoff - 92,CDI,il y a 20 heures,Malakoff,92,CDI,Management,Responsable des Projets de Transformation One Safran Apqp & Aero Excellence H/F Safran Safran Malakoff CDI Management
Actuaire Risques H/F Thélem assurances,Thélem assurances,Chécy - 45,CDI,il y a 20 heures,Chécy,45,CDI,Finance / Assurance,Actuaire Risques H/F Thélem assurances Thélem assurances Chécy CDI Finance / Assurance
Electricien·ne Tertiaire H/F Groupe Fauché,Groupe Fauché,Agen - 47,CDI,il y a 20 heures,Agen,47,CDI,Énergie / Technique,Electricien·ne Tertiaire H/F Groupe Fauché Groupe Fauché Agen CDI Énergie / Technique
Chef.Fe d'Équipe Électricité Tertiaire H/F Groupe Fauché,Groupe Fauché,Marmande - 47,CDI,il y a 20 heures,Marmande,47,CDI,Énergie / Technique,Chef.Fe d'Équipe Électricité Tertiaire H/F Groupe Fauché Groupe Fauché Marmande CDI Énergie / Technique
Référent des Prestataires de Service H/F Mondial Relay by InPost,Mondial Relay by InPost,Villeneuve-d'Ascq - 59,CDI,il y a 20 heures,Villeneuve-d'Ascq,59,CDI,Autre,Référent des Prestataires de Service H/F Mondial Relay by InPost Mondial Relay by InPost Villeneuve-d'Ascq CDI Autre
Responsable d'Atelier - le Havre H/F Loxam,Loxam,Le Havre - 76,CDI,il y a 20 heures,Le Havre,76,CDI,Management,Responsable d'Atelier - le Havre H/F Loxam Loxam Le Havre CDI Management
Tuyauteur H/F Actemium - Cegelec Pau,Actemium - Cegelec Pau,Pardies - 64,CDI,il y a 20 heures,Pardies,64,CDI,Autre,Tuyauteur H/F Actemium - Cegelec Pau Actemium - Cegelec Pau Pardies CDI Autre
Technicien de Chantiers Déshydratation H/F Veolia Agriculture France,Veolia Agriculture France,Nancy - 54,CDI,il y a 20 heures,Nancy,54,CDI,BTP,Technicien de Chantiers Déshydratation H/F Veolia Agriculture France Veolia Agriculture France Nancy CDI BTP
Ingénieur Génie Civil et Construction H/F Acxes,Acxes,Lyon - 69,CDI,il y a 20 heures,Lyon,69,CDI,Autre,Ingénieur Génie Civil et Construction H/F Acxes Acxes Lyon CDI Autre
Assistant Ménager et de Prospection H/F Maison et Services,Maison et Services,Châlons-en-Champagne - 51,CDI,il y a 20 heures,Châlons-en-Champagne,51,CDI,Administration,Assistant Ménager et de Prospection H/F Maison et Services Maison et Services Châlons-en-Champagne CDI Administration
Responsable Agence H/F Socotec,Socotec,Aix-en-Provence - 13,CDI,il y a 20 heures,Aix-en-Provence,13,CDI,Management,Responsable Agence H/F Socotec Socotec Aix-en-Provence CDI Management
Chef de Chantier Électricité Industrielle H/F Vinci Energies France Industrie Méditerranée,Vinci Energies France Industrie Méditerranée,Baillargues - 34,CDI,il y a 20 heures,Baillargues,34,CDI,BTP,Chef de Chantier Électricité Industrielle H/F Vinci Energies France Industrie Méditerranée Vinci Energies France Industrie Méditerranée Baillargues CDI BTP
Dessinateur Charpente et Structure Bois H/F VCSP Batiment Nord Est et ANSC,VCSP Batiment Nord Est et ANSC,Saône-et-Loire - 71,CDI,il y a 20 heures,Saône-et-Loire,71,CDI,BTP,Dessinateur Charpente et Structure Bois H/F VCSP Batiment Nord Est et ANSC VCSP Batiment Nord Est et ANSC Saône-et-Loire CDI BTP
Opérateur Spécialisé en Transformation de Viandes H/F Sodebo,Sodebo,Montaigu-Vendée - 85,CDI,il y a 21 heures,Montaigu-Vendée,85,CDI,Autre,Opérateur Spécialisé en Transformation de Viandes H/F Sodebo Sodebo Montaigu-Vendée CDI Autre
Manoeuvre TP H/F VINCI Energies Infrastructures Auvergne,VINCI Energies Infrastructures Auvergne,Clermont-Ferrand - 63,CDI,il y a 21 heures,Clermont-Ferrand,63,CDI,Énergie / Technique,Manoeuvre TP H/F VINCI Energies Infrastructures Auvergne VINCI Energies Infrastructures Auvergne Clermont-Ferrand CDI Énergie / Technique
Chargé de Clientèle Bancaire Confirmé H/F Crédit Mutuel de Bretagne,Crédit Mutuel de Bretagne,Finistère - 29,CDI,il y a 21 heures,Finistère,29,CDI,Informatique,Chargé de Clientèle Bancaire Confirmé H/F Crédit Mutuel de Bretagne Crédit Mutuel de Bretagne Finistère CDI Informatique
Chef.Fe d'Équipe Électricité Tertiaire H/F Groupe Fauché,Groupe Fauché,Agen - 47,CDI,il y a 21 heures,Agen,47,CDI,Énergie / Technique,Chef.Fe d'Équipe Électricité Tertiaire H/F Groupe Fauché Groupe Fauché Agen CDI Énergie / Technique
Électricien Industriel et Tertiare Confirmé H/F SPIE Facilities,SPIE Facilities,Saint-Apollinaire - 21,CDI,il y a 21 heures,Saint-Apollinaire,21,CDI,Énergie / Technique,Électricien Industriel et Tertiare Confirmé H/F SPIE Facilities SPIE Facilities Saint-Apollinaire CDI Énergie / Technique
Chef.Fe de Chantier Électricité Tertiaire H/F Groupe Fauché,Groupe Fauché,Agen - 47,CDI,il y a 21 heures,Agen,47,CDI,BTP,Chef.Fe de Chantier Électricité Tertiaire H/F Groupe Fauché Groupe Fauché Agen CDI BTP
Ingénieur - Technicien Atex H/F Bureau Veritas,Bureau Veritas,Fontenay-aux-Roses - 92,CDI,il y a 21 heures,Fontenay-aux-Roses,92,CDI,Énergie / Technique,Ingénieur - Technicien Atex H/F Bureau Veritas Bureau Veritas Fontenay-aux-Roses CDI Énergie / Technique
Spécialiste SEO - SEA H/F OASIS Projet,OASIS Projet,Saint-Étienne-du-Rouvray - 76,CDI,il y a 21 heures,Saint-Étienne-du-Rouvray,76,CDI,Autre,Spécialiste SEO - SEA H/F OASIS Projet OASIS Projet Saint-Étienne-du-Rouvray CDI Autre
Projeteur en Électricité H/F Groupe Fauché,Groupe Fauché,Vitrolles - 13,CDI,il y a 21 heures,Vitrolles,13,CDI,Énergie / Technique,Projeteur en Électricité H/F Groupe Fauché Groupe Fauché Vitrolles CDI Énergie / Technique
Chef de Projet Amélioration Continue H/F Groupe ONET,Groupe ONET,Madrid - Espagne,CDI,il y a 21 heures,Madrid - Espagne,0,CDI,Management,Chef de Projet Amélioration Continue H/F Groupe ONET Groupe ONET Madrid - Espagne CDI Management
Analyste Programmeur COBOL - Nantes H/F Mosica,Mosica,Nantes - 44,CDI,il y a 21 heures,Nantes,44,CDI,Autre,Analyste Programmeur COBOL - Nantes H/F Mosica Mosica Nantes CDI Autre
Chef de Département Dérivés Chlorés et Coproduits H/F Kem One,Kem One,Rhône - 69,CDI,il y a 20 heures,Rhône,69,CDI,Informatique,Chef de Département Dérivés Chlorés et Coproduits H/F Kem One Kem One Rhône CDI Informatique
